<!--
Sam's Outback Decay Builder Boosts
v19.2.1
by saminal
untested, good luck

items.xml
-->

<configs>
    
    <!-- SJ: Set very low smelting time on core resources (scrap metals, stone and sand, and items which only exist to be scrapped down to metals - also car batteries as they're often only used for lead -->

    <set xpath="items/item[starts-with(@name, 'resource')]/property[@name='MeltTimePerUnit']/@value">0.05</set>
    <set xpath="items/item[@name='casinoCoin']/property[@name='MeltTimePerUnit']/@value">0.05</set>
    
    <append xpath="items/item[@name='resourceScrapIron']">
        <property name="MeltTimePerUnit" value="0.05"/>
    </append>
    <append xpath="items/item[@name='resourceForgedIron']">
        <property name="MeltTimePerUnit" value="0.05"/>
    </append>
    <append xpath="items/item[@name='resourceForgedSteel']">
        <property name="MeltTimePerUnit" value="0.05"/>
    </append>
    <append xpath="items/item[@name='resourceScrapLead']">
        <property name="MeltTimePerUnit" value="0.05"/>
    </append>
    <append xpath="items/item[@name='resourceClayLump']">
        <property name="MeltTimePerUnit" value="0.1"/>
    </append>
    <append xpath="items/item[@name='resourceScrapIron']">
        <property name="MeltTimePerUnit" value="0.05"/>
    </append>
    <append xpath="items/item[@name='resourceFishingWeight']">
        <property name="MeltTimePerUnit" value="0.05"/>
    </append>
    <append xpath="items/item[@name='resourceTrophy2']">
        <property name="MeltTimePerUnit" value="0.05"/>
    </append>
    <append xpath="items/item[@name='carBattery']">
        <property name="MeltTimePerUnit" value="0.05"/>
    </append>
    <append xpath="items/item[@name='resourceCrushedSand']">
        <property name="MeltTimePerUnit" value="0.05"/>
    </append>

    <remove xpath="items/item[@name='toolAnvil']"/>

    <insertAfter xpath="items/item[@name='toolBellows']">
        <item name="toolAnvil">
            <property name="UnlockedBy" value="toolAnvilSchematic" />
            <property name="Tags" value="toolAnvil" />
            <property name="HoldType" value="45" />
            <property name="Meshfile" value="#Other/Items?Misc/sackPrefab.prefab" />
            <property name="DropMeshfile" value="#Other/Items?Misc/sack_droppedPrefab.prefab" />
            <property name="Material" value="Msteel" />
            <property name="Weight" value="200" />
            <property name="Stacknumber" value="1" /> <!-- STK loot -->
            <property name="EconomicValue" value="240" />
            <property name="Group" value="Tools/Traps" />
            <property name="DisplayType" value="toolAnvil" />
            <property name="ItemTypeIcon" value="forge" />
            <effect_group tiered="false">
                <requirement name="!HoldingItemHasTags" tags="toolAnvil" />
                    <passive_effect name="CraftingTime" operation="perc_add" value="-.033" />
                    <display_value name="dCraftingTime" value=".5" />
            </effect_group>
        </item>
    </insertAfter>

</configs>